7,Egestas Hendrerit Neque LLP
8,Elit Industries
9,Metus Aenean Industries
10,Tempor PC
11,Nunc Risus Associates
12,Vitae Aliquam Ltd
13,Quisque Porttitor Associates
14,Nisi Nibh Lacinia Industries
15,Sed Nec Metus Inc.
16,Ipsum Donec Corporation
17,Faucibus Id Limited
18,At Limited
19,Eu Dui Foundation
20,Imperdiet Non Industries
21,Nulla Integer Consulting
22,Erat Sed Nunc Ltd
23,Montes Nascetur Ridiculus LLC
24,Donec Nibh Foundation
25,Consequat Nec Mollis PC
26,Vulputate Inc.
27,Blandit Enim LLC
28,Quis Pede Praesent Inc.
29,Non Enim Inc.
30,In LLP
31,Sapien Cursus Ltd
32,Nonummy Ipsum Non Limited
33,Curae Donec Institute
34,Orci Ut Sagittis Corporation
35,Blandit Nam Associates
36,Pretium Et Institute
37,Pellentesque Limited
38,Elit Etiam Inc.
39,Massa Non Ante Associates
40,A Malesuada Id Ltd
41,Ac PC
42,A Limited
43,Primis Foundation
44,Metus Vitae Inc.
45,Sed Ltd
46,Aliquam Adipiscing Industries
47,Orci Lacus Vestibulum Incorporated
48,Enim Etiam Foundation
49,Justo Nec LLC
50,Aliquet Libero Company
51,Elit Curabitur Incorporated
52,Magna Ut Tincidunt Corp.
53,Ridiculus Mus Foundation
54,Mi Ltd
55,Auctor Mauris Associates
56,At Institute
57,Ut Quam Associates
58,Erat Limited
59,Nunc Id Inc.
60,Gravida Mauris Ut Foundation
61,Risus Donec Corp.
62,Et Consulting
63,Aliquam Erat Corp.
64,Metus Consulting
65,Imperdiet Dictum Industries
66,Elit Nulla Facilisi Associates
67,Faucibus Id Libero Company
68,Nec Associates
69,Rutrum Fusce PC
70,Vel Arcu Eu Foundation
71,Etiam Imperdiet Inc.
72,Nibh Vulputate LLP
73,Sagittis Lobortis Mauris Corp.
74,Rhoncus Id LLP
75,Natoque Penatibus Corp.
76,Pede Suspendisse Limited
77,Proin Vel LLC
78,Placerat Cras Dictum PC
79,Volutpat Nulla Limited
80,Et Arcu Ltd
81,Euismod Urna Industries
82,Risus Ltd
83,Ut Tincidunt Orci Industries
84,Dui Quis Institute
85,Integer Tincidunt Aliquam Foundation
86,In Felis Limited
87,Egestas Sed Corp.
88,Quisque Nonummy Institute
89,Suscipit Est Ac Company
90,Cursus Et Corporation
91,Donec Limited
92,Ut Associates
93,Erat Consulting
94,Urna Nunc Quis Corporation
95,Habitant LLP
96,Urna Incorporated
97,Amet Ornare Corporation
98,Sollicitudin Orci Sem PC
99,Eu Augue Corporation
100,Mollis Duis PC
101,Lacus Quisque Limited
102,Praesent LLP
103,Cursus Limited
104,Scelerisque Limited
105,Tempor Bibendum Donec Inc.
106,Sed Neque PC
107,Pede Ultrices Company
108,Torquent Per Conubia Industries
109,Consectetuer Rhoncus Nullam Ltd
110,Ligula Aenean Limited
111,Turpis Nulla Aliquet Corporation
112,Cursus In Hendrerit Institute
113,Nibh Sit Amet Limited
114,Tempus Risus Institute
115,Et Malesuada Fames Industries
116,Erat Vivamus Industries
117,Montes Nascetur Ridiculus Institute
118,Tellus Eu Augue Foundation
119,Quisque Nonummy Inc.
120,Sed Institute
121,Sapien Nunc Corporation
122,Duis Sit LLC
123,Augue Ut Inc.
124,Diam Pellentesque Habitant Associates
125,Mauris Vestibulum Neque PC
126,Consequat Lectus Sit LLC
127,Iaculis LLP
128,Eu Tempor Institute
129,Neque Sed Limited
130,Scelerisque Dui Suspendisse PC
131,Dui Nec Foundation
132,Et Limited
133,Aliquam Company
134,Lacus Ut Corporation
135,Rhoncus Id Ltd
136,Et Ltd
137,Mi Ac Incorporated
138,Erat Institute
139,Consequat Ltd
140,Turpis Non Enim Corp.
141,Non Industries
142,Erat Semper Rutrum Associates
143,Ut Dolor Dapibus PC
144,Nascetur Ridiculus Mus Foundation
145,Interdum Libero Industries
146,Nulla Institute
147,Enim Corp.
148,Sollicitudin Corporation
149,Vel Corp.
150,Pellentesque Inc.
151,Diam Duis Foundation
152,Justo Faucibus Lectus LLP
153,Eu Eros Inc.
154,Porttitor Eros Ltd
155,Risus Nulla Institute
156,Taciti Sociosqu Corp.
157,Nunc Consulting
158,Tortor LLC
159,Tellus Incorporated
160,Commodo Ipsum LLP
161,In Molestie Limited
162,Dictum Eleifend Nunc Ltd
163,Sem Consequat LLC
164,Vestibulum Nec Incorporated
165,Integer Tincidunt Inc.
166,Curae Corp.
167,Cum Sociis Natoque Foundation
168,Aliquet Vel Inc.
169,Donec Associates
170,Duis Elementum Limited
171,Habitant Morbi PC
172,Cursus In Hendrerit Ltd
173,Mauris PC
174,In Company
175,Egestas Hendrerit Institute
176,Lorem Donec Foundation
177,Eros Proin Ultrices Company
178,Scelerisque Neque Sed Industries
179,Eget Foundation
180,Malesuada Augue Limited
181,Dui Suspendisse Ltd
182,Massa Mauris Vestibulum Foundation
183,Non PC
184,Convallis Erat LLC
185,Sapien Nunc Limited
186,Convallis Convallis Associates
187,Dui Nec Associates
188,Eu Odio Corp.
189,Nulla In LLC
190,Dictum Corp.
191,Libero Est Congue Associates
192,Ante Corp.
193,Et Eros Proin Company
194,At Pretium Corp.
195,Phasellus Incorporated
196,Curabitur Massa Ltd
197,Cursus Vestibulum LLP
198,Est Mauris Eu Consulting
199,A Felis LLP
200,Lorem Ipsum PC
201,Mi Fringilla Incorporated
202,Nonummy Ipsum Corp.
203,Eu Euismod Ltd
204,Ipsum Suspendisse Non Consulting
205,Dis Parturient Montes LLC
206,Ut Mi Duis Ltd
207,In At PC
208,Interdum Industries
209,Sed Est Nunc Limited
210,Nisl Maecenas Corp.
211,Quis Institute
212,Amet Consectetuer LLP
213,Convallis Convallis Dolor Company
214,Pharetra Quisque Incorporated
215,Ipsum LLP
216,Mattis Limited
217,Sit Amet Risus Inc.
218,Laoreet Posuere Enim Incorporated
219,Porttitor Scelerisque Corporation
220,Donec Tempor Est PC
221,Phasellus Vitae Institute
222,Quam Vel Sapien Company
223,Gravida Sagittis PC
224,Scelerisque Dui Limited
225,Urna Ut Industries
226,Leo Institute
227,Dapibus Institute
228,Integer Limited
229,Erat Vivamus Ltd
230,Leo Elementum Institute
231,Pellentesque Sed Dictum Corp.
232,Maecenas Malesuada Inc.
233,Vestibulum Accumsan Company
234,Quam A Felis Ltd
235,Non Magna LLC
236,Neque Et Foundation
237,Etiam Vestibulum Massa LLP
238,Quam Pellentesque Habitant Corp.
239,Urna Nunc Quis Limited
240,Ipsum Primis Foundation
241,Vel Arcu Incorporated
242,Urna Industries
243,Libero Est LLP
244,Eget Metus In Corp.
245,Eget Corporation
246,Ut Molestie PC
247,Lectus Associates
248,Sit Amet Corporation
249,Lectus Quis Massa LLC
250,Mauris Morbi Industries
251,Euismod Est Industries
252,Nec Metus Facilisis Corp.
253,Massa Inc.
254,Ultrices Mauris Corporation
255,Lorem Corporation
256,Semper Egestas Urna Associates
257,Ante Associates
258,Sociosqu Ad Ltd
259,Rutrum Lorem LLC
260,Ultricies Sem Magna Corporation
261,Cursus Nunc Foundation
262,Sodales Elit LLP
263,Enim Non Foundation
264,Eget Metus Corp.
265,Proin Sed LLC
266,Ac Feugiat Industries
267,Eget Volutpat Ornare PC
268,In Ornare Ltd
269,Vitae Aliquet Nec Limited
270,Risus Morbi Metus Consulting
271,Eu Metus In LLP
272,Proin Industries
273,Mollis Dui Associates
274,Sed Congue PC
275,Aenean Euismod Foundation
276,Non Dapibus PC
277,Luctus Felis LLP
278,Mauris Id LLP
279,Cursus Industries
280,Placerat Augue Sed Associates
281,Auctor Quis Tristique Incorporated
282,Torquent Per Limited
283,Interdum Feugiat Corporation
284,Neque Inc.
285,Euismod Ac Fermentum Corporation
286,Quisque Libero LLC
287,Magna Tellus PC
288,Fusce Mi Incorporated
289,Neque Et LLP
290,Ante Dictum Limited
291,Consectetuer Euismod Est Incorporated
292,Mauris Morbi Non Ltd
293,Ornare Egestas Company
294,Imperdiet Dictum Magna Ltd
295,Volutpat Nunc Sit Inc.
296,Faucibus Ut LLC
297,Dui Corp.
298,Nam Ligula Elit Corp.
299,Ac Eleifend Associates
300,Pretium Et Rutrum Industries
301,Mauris Molestie Institute
302,Vel Mauris Incorporated
303,Auctor Non Feugiat Associates
304,Tristique Aliquet Inc.
305,Nisl Arcu Limited
306,Consequat Enim PC
307,Sed Turpis Associates
308,Montes Nascetur Ridiculus Corporation
309,Vitae Sodales Inc.
310,Eget Mollis PC
311,Maecenas Iaculis Corp.
312,Molestie Ltd
313,Mauris Morbi LLC
314,Convallis Erat Inc.
315,Cras Incorporated
316,Dui Cum Limited
317,Orci Quis Corp.
318,Eu Metus In Industries
319,Mauris Ut LLP
320,Lorem Semper Institute
321,Sed Hendrerit A Associates
322,Vel Institute
323,Aliquet Molestie Tellus Inc.
324,Sed Hendrerit Associates
325,Ullamcorper Duis Industries
326,Augue Ut Corp.
327,Velit Cras Industries
328,Facilisis Non PC
329,Vestibulum Mauris Industries
330,Metus In Incorporated
331,Magna Cras Associates
332,Ipsum Institute
333,Magna Cras Convallis Industries
334,Lorem Fringilla Ornare Incorporated
335,Iaculis Enim Ltd
336,Lorem Associates
337,Amet Consectetuer Associates
338,Mauris Ut Company
339,Ullamcorper Duis At PC
340,Vel LLP
341,Arcu Imperdiet Consulting
342,Cras Vulputate LLP
343,Mattis Integer Eu Foundation
344,Dolor Fusce Feugiat LLP
345,Amet Consectetuer Adipiscing Consulting
346,At Libero Morbi Institute
347,Dignissim Maecenas Corp.
348,Mi Fringilla Corp.
349,Lobortis Mauris PC
350,Non Justo Industries
351,Nec Enim Nunc Associates
352,Suspendisse Sed Dolor Limited
353,Morbi Foundation
354,Orci In PC
355,Malesuada Fringilla Est Consulting
356,Et Magnis Dis Ltd
357,Quis Turpis Institute
358,Nibh Aliquam Ltd
359,Elit A Corp.
360,Quis Foundation
361,Commodo Auctor LLC
362,Sagittis Foundation
363,Ut Limited
364,Semper Et Lacinia LLP
365,Lectus Ante Dictum LLP
366,Curabitur Associates
367,Mattis Corporation
368,Lorem Lorem Luctus LLP
369,Tempus Inc.
370,Nulla At Consulting
371,Purus Limited
372,Pede Industries
373,Malesuada Fames LLP
374,Sodales Mauris Foundation
375,Pretium Aliquet Metus Corp.
376,Vel Quam Corp.
377,Nascetur Ridiculus Corporation
378,Lobortis Tellus Incorporated
379,Sed Tortor Integer LLP
380,Et Commodo At Inc.
381,Id Mollis Corp.
382,Ultricies Ligula Corp.
383,Augue Foundation
384,Arcu Vel Corporation
385,Aliquam Ultrices Iaculis Industries
386,Pede Incorporated
387,Velit Dui Inc.
388,Amet Risus Inc.
389,Mauris Magna Incorporated
390,In Consectetuer Associates
391,Orci Inc.
392,Nunc Mauris LLC
393,Arcu Curabitur PC
394,Enim PC
395,Aliquet Odio Ltd
396,Egestas Corp.
397,Sagittis Incorporated
398,Libero Ltd
399,Mollis Duis Ltd
400,Semper Et Institute
401,Blandit Viverra Institute
402,Ullamcorper Institute
403,Adipiscing Elit LLP
404,Ipsum Incorporated
405,Ut Quam Limited
406,Aliquam Limited
407,Cubilia Curae Donec Consulting
408,Scelerisque Foundation
409,Lacus Varius Et Associates
410,Donec Tincidunt Inc.
411,Lectus Corp.
412,Id Blandit PC
413,Per Limited
414,Donec Corp.
415,Metus LLP
416,Orci Lacus Corporation
417,Nibh Foundation
418,Urna Ltd
419,Facilisis Lorem Tristique PC
420,Tempor Diam Dictum Associates
421,Augue Eu Institute
422,Eros Corporation
423,Consequat Enim Corp.
424,Faucibus Orci PC
425,Velit Justo Corp.
426,Dolor Tempus LLP
427,Fermentum Risus At Associates
428,Scelerisque Sed Foundation
429,Dolor Donec Fringilla Industries
430,Turpis Nulla LLP
431,Rutrum Magna Limited
432,Ipsum Primis PC
433,Cum Sociis PC
434,Nulla Institute
435,Ipsum Donec Inc.
436,Duis Incorporated
437,Etiam Imperdiet Dictum Ltd
438,Nisl Quisque Fringilla Foundation
439,Pede Suspendisse Company
440,Quam PC
441,Nec Mollis Vitae LLC
442,Eros Company
443,Porttitor Eros Nec Institute
444,Nunc Pulvinar Incorporated
445,Non Enim Institute
446,Tincidunt Congue LLC
447,Pretium Neque Limited
448,Porttitor Corp.
449,In Tincidunt Inc.
450,Sed Libero Industries
451,A LLP
452,Tristique Pharetra PC
453,Eu Nulla Incorporated
454,Etiam Ligula Foundation
455,Rutrum Institute
456,Mauris Limited
457,Nonummy Ultricies Foundation
458,Nec Associates
459,A Facilisis Inc.
460,Egestas Blandit Corp.
461,Viverra Maecenas Iaculis Foundation
462,Ac Nulla LLC
463,Lorem Ipsum Dolor LLC
464,Lobortis Nisi Institute
465,Malesuada Fames Inc.
466,Penatibus Et Corp.
467,Egestas Urna PC
468,Porttitor Scelerisque Associates
469,Fames Ac Company
470,Mi Fringilla Limited
471,Egestas Aliquam Company
472,Purus Ac Associates
473,Eleifend Egestas Sed Corp.
474,Justo Nec Corporation
475,Semper Egestas Corp.
476,Vitae Sodales LLP
477,Curabitur Massa Vestibulum LLC
478,Eu Arcu Morbi Limited
479,Placerat Velit Inc.
480,Ridiculus Mus Proin LLC
481,Elit Limited
482,Amet Risus LLP
483,Volutpat Nulla PC
484,Tristique Senectus Et LLC
485,Tortor PC
486,Ante Foundation
487,Suspendisse Sagittis Company
488,Mauris Corp.
489,Odio Sagittis Foundation
490,Donec Institute
491,Adipiscing Elit LLC
492,Pede Nunc Sed Corp.
493,Feugiat Tellus LLP
494,Nisl Arcu Iaculis Corp.
495,Eget Corp.
496,Sit Corporation
497,Lobortis Augue Scelerisque PC
498,Dui Cum Corporation
499,Tristique Pharetra Quisque LLP
500,Lacinia Industries
501,Ullamcorper Velit PC
502,Suspendisse Tristique Incorporated
503,Aliquam Erat Incorporated
504,Aliquet Corporation
505,Nisl Arcu LLC
506,Cras PC
